{
  "signals_generated": 9698,
  "signals_filtered": 9682,
  "total_trades": 16,
  "total_pips": 210.1146799999994,
  "win_rate": 62.5,
  "profit_factor": 1.9183269697414689,
  "trades_per_week": 2.3333333333333335
}