{
  "signals_generated": 9810,
  "signals_filtered": 9791,
  "total_trades": 19,
  "total_pips": 338.40441999999916,
  "win_rate": 68.42105263157895,
  "profit_factor": 2.1272305566094407,
  "trades_per_week": 3.093023255813953
}