time,open,high,low,close,tick_volume
2025-12-02 00:25:00,1.32102,1.32102,1.32101,1.32101,2
