time,open,high,low,close,tick_volume
2025-12-02 00:59:00,1.16071,1.16072,1.16071,1.16071,3
