time,open,high,low,close,tick_volume
2025-12-01 22:59:00,0.6541,0.65418,0.65407,0.65417,45
