{
  "signals_generated": 18960,
  "signals_filtered": 18917,
  "total_trades": 43,
  "total_pips": 13.755199999999101,
  "win_rate": 69.76744186046511,
  "profit_factor": 1.0703231083844533,
  "trades_per_week": 5.901960784313726
}