{
  "summary": {
    "trades": 19,
    "wr": 0.6842105263157895,
    "pf": 2.1272442623496888,
    "pips": 338.40999999999997,
    "dd": 110.22000000000003,
    "consec": 3
  },
  "sessions": {
    "NY_OPEN": {
      "wins": [
        100.69,
        5.76,
        37.85,
        53.16,
        27.82,
        44.07,
        84.61,
        86.39,
        59.58,
        9.18,
        45.57
      ],
      "losses": [
        100.45,
        82.14,
        7.4,
        45.87,
        46.85
      ]
    },
    "LONDON_CLOSE": {
      "wins": [
        68.62,
        15.32
      ],
      "losses": [
        17.5
      ]
    }
  },
  "projections": {
    "usd_per_trade": 59.37017543859649,
    "usd_per_week": 134.28968253968253
  },
  "verification": {
    "v3": false,
    "v4": true,
    "v5": true,
    "v6": true,
    "v8": true
  }
}