time,open,high,low,close,tick_volume
2025-11-27 06:06:00,0.65298,0.653,0.65295,0.65297,8
