time,open,high,low,close,tick_volume
2025-11-27 01:59:00,1.16019,1.1602000000000001,1.16015,1.16016,11
