time,open,high,low,close,tick_volume
2025-11-27 05:52:00,1.32546,1.32552,1.32541,1.32552,20
