time,open,high,low,close,tick_volume
2025-11-27 05:47:00,0.80347,0.80355,0.80345,0.80351,20
